username,user_role
WMLX,admin_user
PBWJ,admin_user
SUGH,admin_user
MA0A,admin_user
P8ZB,admin_user
PWLM,admin_user
TH6V,admin_user
FOGW,admin_user
CRSM,admin_user
TAK2,admin_user
D6K5,admin_user
N4E4,admin_user
H0OT,state_user
KB8I,state_user
O2TJ,state_user
STQI,state_user
T9FJ,state_user
GOHC,state_user
FBAP,state_user
BBXV,state_user
TDO9,state_user
DWR5,state_user
FOW5,state_user
LK3M,state_user
LSEB,state_user
SAGL,state_user
L5ZV,state_user
TMII,state_user
SCXN,state_user
SL0R,state_user
S79F,state_user
A5M0,state_user
SYSV,state_user
RA5Z,state_user
FWQO,state_user
BYS7,state_user
JTJB,state_user
PNJ9,state_user
BUE6,state_user
GOD3,state_user
S47N,state_user
RCXL,state_user
KV2X,state_user
H4G6,state_user
LYSM,state_user
F4CZ,state_user
C8UP,state_user
K9B6,state_user
B3NA,state_user
L4h2,state_user
SLGW,state_user
AFTI,state_user
H98W,state_user
KNXY,state_user
CCTE,state_user
BOCL,state_user
Z2LL,state_user
A7OK,state_user
LS4X,state_user
S7DD,state_user
M5W2,state_user
GJ2Y,state_user
P3EX,state_user
BYNO,state_user
C3UH,state_user
MV1L,state_user
MEJK,state_user
MUQA,state_user
CPGI,state_user
A3LV,state_user
BIKU,state_user
LALI,state_user
S881,state_user
B9U4,state_user
FLIV,state_user
PARP,state_user
NQQM,state_user
R08J,state_user
RPGA,state_user
SD2G,state_user
CNC6,state_user
L47M,state_user
W66I,state_user
J1Q9,state_user
S4S1,state_user
BQSO,state_user